<?xml version="1.0" encoding="UTF-8"?>
<!-- Created with TexturePacker http://www.codeandweb.com/texturepacker-->
<!-- $TexturePacker:SmartUpdate:ae1b9f0d7e5846b69aecdeef46ce2db4:02b0a22b52bcf49977f0fe79243cd76a:17b0d27ca6c44b8eb1172124dcbbfd0e$ -->
<!--Format:
n  => name of the sprite
x  => sprite x pos in texture
y  => sprite y pos in texture
w  => sprite width (may be trimmed)
h  => sprite height (may be trimmed)
pX => x pos of the pivot point (relative to sprite width)
pY => y pos of the pivot point (relative to sprite height)
oX => sprite's x-corner offset (only available if trimmed)
oY => sprite's y-corner offset (only available if trimmed)
oW => sprite's original width (only available if trimmed)
oH => sprite's original height (only available if trimmed)
r => 'y' only set if sprite is rotated
with polygon mode enabled:
vertices   => points in sprite coordinate system (x0,y0,x1,y1,x2,y2, ...)
verticesUV => points in sheet coordinate system (x0,y0,x1,y1,x2,y2, ...)
triangles  => sprite triangulation, 3 vertex indices per triangle
-->
<TextureAtlas imagePath="background_objects.png" width="512" height="512">
    <sprite n="castle_beige.png" x="103" y="311" w="102" h="91" pX="0.5" pY="0.5"/>
    <sprite n="castle_grey.png" x="208" y="117" w="102" h="91" pX="0.5" pY="0.5"/>
    <sprite n="castle_wall.png" x="360" y="1" w="148" h="69" pX="0.5" pY="0.5"/>
    <sprite n="cloud1.png" x="312" y="143" w="95" h="64" pX="0.5" pY="0.5"/>
    <sprite n="cloud2.png" x="75" y="246" w="100" h="63" pX="0.5" pY="0.5"/>
    <sprite n="cloud3.png" x="124" y="449" w="89" h="61" pX="0.5" pY="0.5"/>
    <sprite n="cloud4.png" x="177" y="246" w="114" h="62" pX="0.5" pY="0.5"/>
    <sprite n="cloud5.png" x="293" y="210" w="119" h="68" pX="0.5" pY="0.5"/>
    <sprite n="cloud6.png" x="360" y="72" w="133" h="69" pX="0.5" pY="0.5"/>
    <sprite n="cloud7.png" x="329" y="342" w="117" h="59" pX="0.5" pY="0.5"/>
    <sprite n="cloud8.png" x="329" y="403" w="105" h="60" pX="0.5" pY="0.5"/>
    <sprite n="cloud9.png" x="317" y="280" w="107" h="60" pX="0.5" pY="0.5"/>
    <sprite n="fence.png" x="1" y="460" w="64" h="44" pX="0.5" pY="0.5"/>
    <sprite n="fence_piece.png" x="67" y="460" w="55" h="43" pX="0.5" pY="0.5"/>
    <sprite n="grass1.png" x="71" y="443" w="13" h="15" pX="0.5" pY="0.5"/>
    <sprite n="grass2.png" x="86" y="443" w="13" h="15" pX="0.5" pY="0.5"/>
    <sprite n="grass3.png" x="208" y="210" w="19" h="18" pX="0.5" pY="0.5"/>
    <sprite n="grass4.png" x="229" y="210" w="19" h="18" pX="0.5" pY="0.5"/>
    <sprite n="grass5.png" x="101" y="443" w="13" h="15" pX="0.5" pY="0.5"/>
    <sprite n="grass6.png" x="250" y="210" w="19" h="18" pX="0.5" pY="0.5"/>
    <sprite n="house_beige_front.png" x="414" y="203" w="51" h="58" pX="0.5" pY="0.5"/>
    <sprite n="house_beige_side.png" x="414" y="143" w="95" h="58" pX="0.5" pY="0.5"/>
    <sprite n="house_grey_front.png" x="307" y="1" w="51" h="87" pX="0.5" pY="0.5"/>
    <sprite n="house_grey_side.png" x="218" y="1" w="87" h="87" pX="0.5" pY="0.5"/>
    <sprite n="moon_full.png" x="162" y="404" w="43" h="43" pX="0.5" pY="0.5"/>
    <sprite n="moon_half.png" x="312" y="90" w="42" h="43" pX="0.5" pY="0.5"/>
    <sprite n="piramid.png" x="207" y="310" w="108" h="83" pX="0.5" pY="0.5"/>
    <sprite n="sun.png" x="116" y="404" w="44" h="43" pX="0.5" pY="0.5"/>
    <sprite n="temple.png" x="215" y="395" w="112" h="66" pX="0.5" pY="0.5"/>
    <sprite n="tower_beige.png" x="148" y="1" w="33" h="114" pX="0.5" pY="0.5"/>
    <sprite n="tower_grey.png" x="183" y="1" w="33" h="114" pX="0.5" pY="0.5"/>
    <sprite n="tree01.png" x="142" y="129" w="64" h="115" pX="0.5" pY="0.5"/>
    <sprite n="tree02.png" x="1" y="311" w="68" h="147" pX="0.5" pY="0.5"/>
    <sprite n="tree27.png" x="71" y="311" w="30" h="130" pX="0.5" pY="0.5"/>
    <sprite n="tree29.png" x="1" y="1" w="72" h="153" pX="0.5" pY="0.5"/>
    <sprite n="tree30.png" x="1" y="156" w="72" h="153" pX="0.5" pY="0.5"/>
    <sprite n="tree33.png" x="75" y="1" w="71" h="126" pX="0.5" pY="0.5"/>
    <sprite n="tree34.png" x="75" y="129" w="65" h="115" pX="0.5" pY="0.5"/>
</TextureAtlas>
