<?xml version="1.0" encoding="UTF-8"?>
<!-- Created with TexturePacker http://www.codeandweb.com/texturepacker-->
<!-- $TexturePacker:SmartUpdate:b7ccf9a3521292a7f995bbfccc33ea88:1c5cb41a4914451011d2628e9ee6a26a:8e4d709ce25a07feff9fa74c6bff371a$ -->
<!--Format:
n  => name of the sprite
x  => sprite x pos in texture
y  => sprite y pos in texture
w  => sprite width (may be trimmed)
h  => sprite height (may be trimmed)
pX => x pos of the pivot point (relative to sprite width)
pY => y pos of the pivot point (relative to sprite height)
oX => sprite's x-corner offset (only available if trimmed)
oY => sprite's y-corner offset (only available if trimmed)
oW => sprite's original width (only available if trimmed)
oH => sprite's original height (only available if trimmed)
r => 'y' only set if sprite is rotated
with polygon mode enabled:
vertices   => points in sprite coordinate system (x0,y0,x1,y1,x2,y2, ...)
verticesUV => points in sheet coordinate system (x0,y0,x1,y1,x2,y2, ...)
triangles  => sprite triangulation, 3 vertex indices per triangle
-->
<TextureAtlas imagePath="background_flat_objects.png" width="1024" height="512">
    <sprite n="castle.png" x="1" y="411" w="103" h="91" pX="0.5" pY="0.5"/>
    <sprite n="castle_wall.png" x="319" y="131" w="148" h="69" pX="0.5" pY="0.5"/>
    <sprite n="cloud1.png" x="609" y="371" w="95" h="64" pX="0.5" pY="0.5"/>
    <sprite n="cloud2.png" x="625" y="302" w="100" h="63" pX="0.5" pY="0.5"/>
    <sprite n="cloud3.png" x="706" y="367" w="88" h="61" pX="0.5" pY="0.5"/>
    <sprite n="cloud4.png" x="609" y="437" w="114" h="62" pX="0.5" pY="0.5"/>
    <sprite n="cloud5.png" x="503" y="302" w="120" h="67" pX="0.5" pY="0.5"/>
    <sprite n="cloud6.png" x="319" y="202" w="133" h="69" pX="0.5" pY="0.5"/>
    <sprite n="cloud7.png" x="796" y="364" w="117" h="59" pX="0.5" pY="0.5"/>
    <sprite n="cloud8.png" x="725" y="430" w="105" h="60" pX="0.5" pY="0.5"/>
    <sprite n="cloud9.png" x="727" y="302" w="106" h="60" pX="0.5" pY="0.5"/>
    <sprite n="clouds1.png" x="503" y="131" w="501" h="103" pX="0.5" pY="0.5"/>
    <sprite n="clouds2.png" x="1" y="286" w="500" h="123" pX="0.5" pY="0.5"/>
    <sprite n="fence.png" x="75" y="236" w="64" h="44" pX="0.5" pY="0.5"/>
    <sprite n="fence_piece.png" x="141" y="236" w="55" h="43" pX="0.5" pY="0.5"/>
    <sprite n="grass1.png" x="1005" y="1" w="13" h="15" pX="0.5" pY="0.5"/>
    <sprite n="grass2.png" x="75" y="205" w="19" h="18" pX="0.5" pY="0.5"/>
    <sprite n="hills1.png" x="503" y="236" w="501" h="64" pX="0.5" pY="0.5"/>
    <sprite n="hills1@2x.png" x="1" y="1" w="1002" h="128" pX="0.5" pY="0.5"/>
    <sprite n="pointy_mountains.png" x="106" y="411" w="501" h="84" pX="0.5" pY="0.5"/>
    <sprite n="tree02.png" x="253" y="131" w="64" h="115" pX="0.5" pY="0.5"/>
    <sprite n="tree03.png" x="469" y="131" w="24" h="53" pX="0.5" pY="0.5"/>
    <sprite n="tree04.png" x="198" y="131" w="53" h="121" pX="0.5" pY="0.5"/>
    <sprite n="tree05.png" x="75" y="131" w="35" h="72" pX="0.5" pY="0.5"/>
    <sprite n="tree11.png" x="1" y="131" w="72" h="153" pX="0.5" pY="0.5"/>
</TextureAtlas>
