<?xml version="1.0" encoding="UTF-8"?>
<!-- Created with TexturePacker http://www.codeandweb.com/texturepacker-->
<!-- $TexturePacker:SmartUpdate:1773c51139f14a3ec7e978f05194a964:bbb9862e0e6237dad32bf4a39352c3b4:a725957aacf5a02eca22d4697aa65013$ -->
<!--Format:
n  => name of the sprite
x  => sprite x pos in texture
y  => sprite y pos in texture
w  => sprite width (may be trimmed)
h  => sprite height (may be trimmed)
pX => x pos of the pivot point (relative to sprite width)
pY => y pos of the pivot point (relative to sprite height)
oX => sprite's x-corner offset (only available if trimmed)
oY => sprite's y-corner offset (only available if trimmed)
oW => sprite's original width (only available if trimmed)
oH => sprite's original height (only available if trimmed)
r => 'y' only set if sprite is rotated
with polygon mode enabled:
vertices   => points in sprite coordinate system (x0,y0,x1,y1,x2,y2, ...)
verticesUV => points in sheet coordinate system (x0,y0,x1,y1,x2,y2, ...)
triangles  => sprite triangulation, 3 vertex indices per triangle
-->
<TextureAtlas imagePath="green_tiles.png" width="256" height="512">
    <sprite n="1.png" x="1" y="1" w="64" h="64" pX="0.5" pY="0.5"/>
    <sprite n="2.png" x="1" y="133" w="64" h="64" pX="0.5" pY="0.5"/>
    <sprite n="3.png" x="67" y="133" w="64" h="64" pX="0.5" pY="0.5"/>
    <sprite n="4.png" x="133" y="133" w="64" h="64" pX="0.5" pY="0.5"/>
    <sprite n="5.png" x="1" y="199" w="64" h="64" pX="0.5" pY="0.5"/>
    <sprite n="6.png" x="67" y="199" w="64" h="64" pX="0.5" pY="0.5"/>
    <sprite n="7.png" x="133" y="199" w="64" h="64" pX="0.5" pY="0.5"/>
    <sprite n="8.png" x="1" y="265" w="64" h="64" pX="0.5" pY="0.5"/>
    <sprite n="9.png" x="1" y="331" w="64" h="64" pX="0.5" pY="0.5"/>
    <sprite n="10.png" x="67" y="1" w="64" h="64" pX="0.5" pY="0.5"/>
    <sprite n="11.png" x="133" y="1" w="64" h="64" pX="0.5" pY="0.5"/>
    <sprite n="12.png" x="1" y="67" w="64" h="64" pX="0.5" pY="0.5"/>
    <sprite n="13.png" x="67" y="67" w="64" h="64" pX="0.5" pY="0.5"/>
    <sprite n="14.png" x="133" y="67" w="64" h="64" pX="0.5" pY="0.5"/>
</TextureAtlas>
