<?xml version="1.0" encoding="UTF-8"?>
<!-- Created with TexturePacker http://www.codeandweb.com/texturepacker-->
<!-- $TexturePacker:SmartUpdate:229a4e0cc3b9eb4c6dc2f91131fae863:4a85526f813cd370a353b98533b8d655:ec87b7b8c6f39cee1eb6e848d0ca51b7$ -->
<!--Format:
n  => name of the sprite
x  => sprite x pos in texture
y  => sprite y pos in texture
w  => sprite width (may be trimmed)
h  => sprite height (may be trimmed)
pX => x pos of the pivot point (relative to sprite width)
pY => y pos of the pivot point (relative to sprite height)
oX => sprite's x-corner offset (only available if trimmed)
oY => sprite's y-corner offset (only available if trimmed)
oW => sprite's original width (only available if trimmed)
oH => sprite's original height (only available if trimmed)
r => 'y' only set if sprite is rotated
with polygon mode enabled:
vertices   => points in sprite coordinate system (x0,y0,x1,y1,x2,y2, ...)
verticesUV => points in sheet coordinate system (x0,y0,x1,y1,x2,y2, ...)
triangles  => sprite triangulation, 3 vertex indices per triangle
-->
<TextureAtlas imagePath="wood_objects.png" width="256" height="256">
    <sprite n="circle.png" x="1" y="219" w="35" h="35" pX="0.5" pY="0.5"/>
    <sprite n="rectangle1.png" x="38" y="219" w="35" h="35" pX="0.5" pY="0.5"/>
    <sprite n="rectangle2.png" x="185" y="110" w="70" h="35" pX="0.5" pY="0.5"/>
    <sprite n="rectangle3.png" x="185" y="147" w="35" h="70" pX="0.5" pY="0.5"/>
    <sprite n="rectangle4.png" x="113" y="1" w="110" h="35" pX="0.5" pY="0.5"/>
    <sprite n="rectangle5.png" x="75" y="73" w="35" h="110" pX="0.5" pY="0.5"/>
    <sprite n="rectangle6.png" x="185" y="38" w="70" h="70" pX="0.5" pY="0.5"/>
    <sprite n="rectangle7.png" x="1" y="1" w="110" h="70" pX="0.5" pY="0.5"/>
    <sprite n="rectangle8.png" x="113" y="38" w="70" h="110" pX="0.5" pY="0.5"/>
</TextureAtlas>
